coarse_step,learning_rate,runtime,accuracy,mae_len,rmse_len,mae_len_99p,rmse_len_99p,mae_len_1p,rmse_len_1p,mae_az,rmse_az,mae_az_99p,rmse_az_99p,mae_az_1p,rmse_az_1p,mae_el,rmse_el,mae_el_99p,rmse_el_99p,mae_el_1p,rmse_el_1p
3,0.008,62133.5703125,0.807499999999999995559107901499374,0.405848278411414686850378075178014,8.18456888728013964851015771273524,0.152990076879231690076821337243018,0.348694215923813888302618124725996,25.4388102300975340597233298467472,81.7721199987975921885663410648704,0.339372825410472200857725511013996,8.17899176381956216630442213499919,0.289842806849101519706124463482411,8.12070311595625149436727951979265,5.24284466298616980139968291041441,12.6867859054281755248894114629366,0.0902092006252651484876636800436245,0.302095345885753319148392392889946,0.0756553386304134739548388211005658,0.235612797668720980182044399953156,1.53104153811558130193759552639676,1.90534357754196448375694217247656
3,0.00900000000000000105471187339389871,61700.41015625,0.824749999999999983124610025697621,0.394466838881091519386501431654324,8.1833975349895204942640702938661,0.141929792986224795336980264437443,0.333829151739741258886340347089572,25.3956343824729060543177183717489,81.7665382244759229024566593579948,0.3318176563253096289507482197223,8.17807639266609776029781642137095,0.282584417306358914867558951300452,8.11992650459469800239276082720608,5.20590831920144303524011775152758,12.6769835081664865583661594428122,0.0843488727546896771558593286499672,0.295062250025701078293138834851561,0.0701670911339908470738535584132478,0.229180348141367312697624925021955,1.48834525320387522917542355571641,1.87252064703631515563131415547105
3,0.0100000000000000002081668171172169,61422.84765625,0.83550000000000002042810365310288,0.384829827961366166544365796653437,8.18234173644362883237590722274035,0.132624366258115716776799786202901,0.320976363142277731910212423827033,25.3531705365831676601828803541139,81.7610669723116245677374536171556,0.325449581321975489611730836259085,8.17723225733285374872139072977006,0.276502569395372377325514889889746,8.1192156104150381423778526368551,5.17120376205566145699776825495064,12.6676038904039565125003719003871,0.0794620052684329863934564741612121,0.289117452919135264899352932843613,0.0656224054414735469276109824932064,0.223963786719342444753166887494444,1.44958238813741235873067125794478,1.8420293591145049383328569092555
3,0.0200000000000000004163336342344337,58898.19140625,0.900249999999999994670929481799249,0.347096753953874126441547787180752,8.17706697957981276658756542019546,0.0962055169456896980273441499775799,0.288833952704056040605706812129938,25.1853292177641385762854042695835,81.7201527083878005441874847747386,0.296653819660719242357060920767253,8.17164829193348651870110188610852,0.248663397926003643112480290255917,8.11436532358987072655054362257943,5.04770557139757336528873565839604,12.6148343169005965336282315547578,0.0645067894567107891212742742936825,0.297638340062373774053128272498725,0.0478682473061378954692912657264969,0.217883934584058275296669648923853,1.71172246236342617820014311291743,2.03936035596344122922118913265876
3,0.0299999999999999988897769753748435,57229.10546875,0.920499999999999984900966865097871,0.310577165488319262287575384107186,6.53833362060661649195481004426256,0.0981245710612788507587467279336124,0.344840865898660753341431473018019,21.3433840137653199064970976905897,65.2932465602599876319800387136638,0.24626498501280416619785285092803,6.52535211428094985564030139357783,0.196546509090630289184886692055443,6.43424461017380799887632747413591,5.1683941013080243465083185583353,12.6281888995836517608495341846719,0.0789212395292822888048789309323183,0.41180859510706990800343874070677,0.0501817717423825374045698310965236,0.259476712820760180289170193645987,2.92412855043236064034317678306252,3.20829294411769838646364405576605
3,0.0400000000000000008326672684688674,56107.01171875,0.923749999999999960031971113494365,0.384954900833193447429181333063752,7.1425177010260174625955187366344,0.117307447018003455085910502475599,0.452684740819854269933131263314863,26.8820528285370059506931283976883,71.2830168200284362001184490509331,0.298748607650742403762933463440277,7.11904472305001956300429810653441,0.1997376645151920926402056011284,6.42926795543694851176041993312538,10.1008319780702269241601243265904,31.2388639204533511417594127124175,0.1039333550387476073906256601731,0.578585638158699233635218206472928,0.0697694242713348955486907243539463,0.428779260798702321899611433764221,3.48616250101260671812042346573435,3.90830145635336645426605173270218
3,0.0500000000000000027755575615628914,55518.67578125,0.921499999999999985789145284797996,0.463843271164555925878403286333196,7.70566209558246750788157442002557,0.14656433726308873422006229247927,0.589468282215819039393522871250752,31.8744577274098155328374559758231,76.8330854541943324420572025701404,0.353489230120025366144176359739504,7.66860203924454886248440743656829,0.298302180165599728489667086250847,7.5995264670658713157536112703383,5.81700717560818159057589582516812,12.7756907363451208681226489716209,0.132143774250079476528796362799767,0.754831832258507029465022242220584,0.0877147805345072223426328150708287,0.571946703108326626185942131996853,4.53061415209173290463695593643934,4.95902504637973340351209117216058
3,0.0600000000000000047184478546569153,54611.96484375,0.915000000000000035527136788005009,0.656388384818197612169399235426681,9.15238514200972197443206823663786,0.197241029215710517163984150101896,0.79009484340949187597402669780422,46.1119765894644189074824680574238,91.1856054565159297453647013753653,0.512380942771054059825530657690251,9.10528422353473843031679280102253,0.359781889483670791474168026979896,8.15699290602630533442152227507904,15.6196872182219692604121519252658,41.2735179686403341747791273519397,0.169431540660494955874426636910357,0.927336506522743353464477422676282,0.122096660387655986390598172874888,0.761154197499979701113659302791348,4.85558468767155737566554307704791,5.35154969220772613880399148911238
3,0.0700000000000000066613381477509392,54295.4765625,0.904750000000000054178883601707639,0.799391685136014329415843349124771,10.8312199990514841374533716589212,0.248474602753507828323265016479127,0.935226468039886960070816712686792,55.3401828410041360939430887810886,107.91173458285048525340243941173,0.631218669806711707437330005632248,10.7809776195566033862860422232188,0.429586735843348943575392695493065,8.66152466524735054065331496531144,20.592780132179637320177789661102,64.7747551149049343166552716866136,0.204540445471454251924470213452878,1.04204041882854880896047689020634,0.153702004796371888284411966196785,0.869164184637625569784802337380825,5.23754607230461566302892606472597,5.81340105630220893573323337477632
3,0.0800000000000000016653345369377348,53974.16015625,0.895750000000000046185277824406512,1.2391057797921654071160446619615,14.0882159250530225591546695795842,0.326587027271040719611505664943252,1.18348920045470284989619358384516,91.5784622793835012544150231406093,140.389169001814593684684950858355,1.0299806157655937433048620732734,14.0326726600444207093687509768642,0.689812150298142578996873908181442,11.4990781011438976122462918283418,34.7066586970432595649072027299553,81.2461646968723698591929860413074,0.261692882902756718266346069867723,1.2497703656909369129834885825403,0.199405215507820671172467541509832,1.05295238095954579726765132363653,6.42817195500142624098316446179524,6.81398809476920774841346428729594
3,0.0899999999999999966693309261245304,53561.2265625,0.887000000000000010658141036401503,1.41359877502069108956561649392825,15.1899913521051779241588519653305,0.405332429051538656317177355958847,1.45184056869064859185414206876885,101.231967025966781648094183765352,151.211466050198424682093900628388,1.15638378096349114798613300081342,15.1162668103526058871466375421733,0.80932126563711803690637225372484,12.8260507810190613753320576506667,35.5155727982744409132465079892427,81.0179112486003845106097287498415,0.318417465110678810091826562711503,1.49476252136002396575520378974034,0.256998529051934321287831153313164,1.32810132290831295343025431066053,6.39889213492639363778380356961861,6.98641827112342639338748995214701
3,0.0999999999999999916733273153113259,53419.76953125,0.880499999999999949373830077092862,1.87128845908742413861602926772321,17.9010281782255518123747606296092,0.479531213116996535283931279991521,1.68550888101639606553305839042878,139.655255810159758311783662065864,178.222972439447289616509806364775,1.58989118255757833075847429427085,17.8197275706284052887440338963643,1.11411439123362132619377007358707,14.6217015658592259796932921744883,48.6917935236293288880915497429669,102.901154307021514000552997458726,0.365591780001530808341669853689382,1.70414763040365957458277534897206,0.295687457407239062678883101398242,1.49830881098703172504826852673432,7.28611971683641179708956769900396,8.25614405191581290921476465882733
3,0.200000000000000011102230246251565,52634.9609375,0.791250000000000008881784197001252,4.86233134102312014590552280424163,30.2562827604865347552731691394001,2.26916106976471887435309326974675,12.7542941104992646472737760632299,261.586188195604961492790607735515,274.662947702810811279050540179014,4.13512944448375474593149192514829,29.9415693008963152976775745628402,2.50699015891085608132016204763204,22.9197206380476039555560419103131,165.320918716200736753307865001261,194.019873728309818261550390161574,1.03598287935529809189461047935765,4.35259397166067696360869376803748,0.909865837297143986717173902434297,4.13101063913234956004316700273193,13.5215700431125434022305853432044,14.3194897622731485142821838962846
4,0.00800000000000000016653345369377348,47166.41796875,0.660000000000000031086244689504383,0.649690693281936293423939332569716,8.75702726925028684945573331788182,0.314302185425174684940685665424098,0.606262681402039871336739906837465,33.8531529711013519090556656010449,87.3622617037362232395025785081089,0.442048123752229293881299554413999,8.69228692171420647127888514660299,0.39190397702403551027927619543334,8.64494632427185827339144452707842,5.4063186498434330218287868774496,12.5224037203634193105017402558587,0.245408194511621047251281879653106,1.06286154554099843139169934147503,0.225525366516504816027932633915043,1.04112290915094019005948666745098,2.2138081660281230256259732414037,2.37859458820692015734721280750819
4,0.00900000000000000105471187339389871,46824.1171875,0.682749999999999968025576890795492,0.626492957132401606656912917969748,8.75422173077836873744672629982233,0.291416123824094097649606283084722,0.578776671417687516019157101254677,33.7990994546548222388082649558783,87.352598988586848349768843036145,0.431452866091451059382677613029955,8.69063619850587443238509877119213,0.381759637410757413089612555268104,8.64348254658400527716821670765057,5.35108250548012165381805971264839,12.5078571586395579373629516339861,0.229768796707080419361446388393233,1.05320490734301031032771334139397,0.210013961613804589489973295712844,1.0318794968373505849257298905286,2.18549747094138879788260965142399,2.34761653210290432980400510132313
4,0.0100000000000000002081668171172169,46724.375,0.702999999999999958255614274094114,0.606503351141774893484637232177192,8.7517353708424518998754138010554,0.271726013115837716771494569911738,0.554395599237532343828149805631256,33.7494598157095637702695967163891,87.343340367543461866262077819556,0.422502182928982672471818204940064,8.68912476089706409254631580552086,0.373254835568443410487304845446488,8.64215008130056361324022873304784,5.29798957162236217044437580625527,12.4939932086917551146143523510545,0.216310823082549175122579754315666,1.0449798518728719010084660112625,0.196628978943103688292737274423416,1.02395378043622864439043951279018,2.16481339288764740302895006607287,2.32349649871269958723019044555258
4,0.0200000000000000004163336342344337,44775.6640625,0.810250000000000025757174171303632,0.553389881641967451564312341361074,9.2049491764583901698415502323769,0.176906837718673382031653318335884,0.442854227835586589101524168654578,37.825211230048083166366268415004,91.9439669976998885658758808858693,0.425011386698004201001310775609454,9.14936665838833995678669452900067,0.377831895773068471289235503718373,9.11035162960112288033087679650635,5.09578098826664227516403116169386,12.4192934694456766919756773859262,0.151269922358047453903040491240972,1.01003915347556749715351998020196,0.131849504716343213228668673764332,0.990090132920375953773373112198897,2.07389126888677077786837799067143,2.22942604632708851752909140486736
4,0.0299999999999999988897769753748435,43549.76953125,0.85399999999999998134825318629737,0.448949960898456734703643178363563,7.26257569196944086087341929669492,0.156805974528683084168179107109609,0.46222579298209304221600746132026,29.3712046115060445572453318163753,72.4799900142959785398488747887313,0.323704693690672840045152724997024,7.18661131929389274120012487401254,0.275027763183848139583176362066297,7.11417873791072441491678546299227,5.14272081386631541022325109224766,12.4175622841661965622961361077614,0.146098068234366412765368181680969,1.04767524881639451095338699815329,0.124768244014672929909082199628756,1.02247242997887965998415893409401,2.25775066598402274209433926444035,2.50255980180791004485740813834127
4,0.0400000000000000008326672684688674,42595.22265625,0.873750000000000026645352591003757,0.595441963008076391439260532933986,8.78879149480142629613510507624596,0.167665190026984184390457244262507,0.568327778431479968546113923366647,42.9453424881362053611155715771019,87.7058090664434928385162493214011,0.462844641980117210700029772851849,8.71925707844492592357710236683488,0.367026195299728630327962264345842,8.18616579350586448526883032172918,9.9488708633385805057969264453277,31.1163408922612845231014944147319,0.158109543369125610245973234668782,1.10336391960301294368207436491502,0.130195312372433757985845659277402,1.06103309586261929098327527754009,2.92161841204161154550433820986655,3.20746973284344738530649010499474
4,0.0500000000000000027755575615628914,41884.0546875,0.882249999999999978683717927196994,0.537603875360959437834651453158585,7.77674958567071961113015277078375,0.191628528423492594523480647694669,0.6983296127623355165070506700431,34.7891632221701883054265636019409,77.4564693958158301256844424642622,0.385238167476225024099534266497358,7.68142258615960127343669228139333,0.327365301660465124466981023942935,7.61445507125242038171109015820548,6.11465188323644870393991368473507,12.6654102790330931327389407670125,0.180991129758254348791624011028034,1.2139115169841987462717725065886,0.141063541452263602193895053460437,1.1241988081863127924009404523531,4.13382237205132874180435464950278,4.71589270809491889480113968602382
4,0.0600000000000000047184478546569153,41510.8046875,0.881000000000000005329070518200751,0.666984265784745455896143084828509,8.79520602884053737113845272688195,0.226356697918985827477911243477138,0.824183326452214926050032772764098,44.2891134844949547755277308169752,87.5689235492289981266367249190807,0.49516197002926332082495264330646,8.69919366897043566666525293840095,0.384433955838699159546223427241785,8.14282570498612656706427515018731,11.4572353748951165641756233526394,31.6755680818675706689191429177299,0.205595865987464876400991897753556,1.29602415081595356838306543068029,0.150275755909916652885982557563693,1.13240890317635978234989124757703,5.68228676366474338976786384591833,6.40431241231295356186592471203767
4,0.0700000000000000066613381477509392,40890.10546875,0.873750000000000026645352591003757,0.875484326264276635498617906705476,10.8755948885011282101231699925847,0.29474654960168206185855410694785,1.06156859870403441625796858716058,58.3685242158611359286624065134674,108.241815195392476312008511740714,0.670814370641639845516124296409544,10.784382336974136507024013553746,0.416038680167961638645124367030803,8.15069847771105493450249923625961,25.8936077275357661164889577776194,71.0868170424193550616109860129654,0.247422944542596334738249197471305,1.40558236640625611180155374313472,0.186058324156888249545360736192379,1.20366643568589704038629406568361,6.32252036272769313285380121669732,7.35756093579514036662203579908237
4,0.0800000000000000016653345369377348,40445.70703125,0.866500000000000047961634663806763,1.00827708131843296612828453362454,12.1908314497571552692534169182181,0.346206058969390273460930984583683,1.18638786220462955078858158231014,66.5533082938736271216839668340981,121.335456663910719043997232802212,0.770027182668988618985395078198053,12.0974566673545993467087100725621,0.433056328595101125422672794229584,9.06765947779503811432277871062979,34.1301417359838623610812646802515,80.5904671144971871399320662021637,0.288253347969765316705093027849216,1.50595936793332407788170712592546,0.231898419562141328009730045778269,1.37730807793832399354982953809667,5.8673912603245508279314890387468,6.24424416344778698828577034873888
4,0.0899999999999999966693309261245304,40231.81640625,0.861750000000000015987211554602254,1.24305017170888532085371025459608,13.2109045278800998346468986710533,0.429119363755517013725437891480397,1.45405359087960883712753457075451,81.8222001590923468938854057341814,131.314458197894026625363039784133,0.960794419282965495021642254869221,13.0947247734310767697252231300808,0.699202306481476076882586312422063,11.0963204258847394356735094333999,26.8584135866303768125362694263458,70.4093553215350453911014483310282,0.345847288988474999005262588980258,1.74819379728133528217881575983483,0.289445342822530315984863591438625,1.63756990774648292230608603858855,5.92963995941702215475288539892063,6.33531926680635582016520856996067
4,0.0999999999999999916733273153113259,39739.70703125,0.858999999999999985789145284797996,1.91196885352614498465584347286494,17.3871447524069253631751053035259,0.514872602191072337163291194883641,1.76041220143199161896063742460683,140.224497735698321321251569315791,172.986919168297418991642189212143,1.60521233775491078965558244817657,17.2822174080927979389343818183988,1.04182405269875544284730040089926,13.9980056327779927016763394931331,57.3806525583142530422264826484025,102.318286959005590119886619504541,0.393815535697423502181635512897628,1.90729234795455404594122228445485,0.312181982933614987629766801546793,1.66818974765136007754051661322592,8.47553725931445356422955228481442,9.39540119813187679653765371767804
4,0.200000000000000011102230246251565,38403.34765625,0.784000000000000030198066269804258,5.34524390541601057691423193318769,33.1336494137234183199325343593955,2.4523348271193929903688513149973,13.5729758170400529593280225526541,291.74324265678137635404709726572,302.564919920812883447069907560945,4.58608463197832971758316489285789,32.8186927843888938127747678663582,2.78463821276777601099183812038973,24.1762007833588228322696522809565,182.929280133823112919344566762447,223.253846238310728722353815101087,1.05595983481337740705896521831164,4.55764493959690675239926349604502,0.931437686844421408594030253880192,4.35573729127975806107997414073907,13.3836524837399988285824292688631,14.1046251928033044009680452290922
5,0.00800000000000000016653345369377348,39308.20703125,0.749500000000000055067062021407764,0.660230585199454322875567413575482,9.14759917640118835890916670905426,0.250631511375843940570007362111937,0.593967199700314418819857564812992,41.2105388937368815049921977333724,91.2848846349268683297850657254457,0.545699627480232818399485950067174,9.02227416919583546928151918109506,0.487595465629941937635294380015694,8.97268945803126172222619061358273,6.2980116506590437808199567371048,13.0283024027528870902870039572008,0.171577593530621019812798522252706,1.50901938620994791051543870707974,0.131911165910871819306748875533231,0.973869366959556614915527461562306,4.09855392788578587470738057163544,11.5680688945660321564901096280664
5,0.00900000000000000105471187339389871,39067.2265625,0.770750000000000046185277824406512,0.640053577935415618505032853136072,9.14285995361658265778714849147946,0.231323374978964602100006686669076,0.567398069489477352433937085152138,41.1043436706240541411716549191624,91.2541324915633680348037160001695,0.531934362515691039341447776678251,9.01806999331012626441861357307062,0.474405989493482560526160796143813,8.96873574273811691170976700959727,6.22724329171432522400664311135188,13.0067205297990398094043484888971,0.161589435239691325829625156984548,1.50542410210736599118774847738678,0.122455589182421692440172478200111,0.969950909712704811838079876906704,4.03584019490937961904819530900568,11.5538089287723195752732863184065
5,0.0100000000000000002081668171172169,38677.69140625,0.788749999999999951150186916493112,0.622905240044850039282664511119947,9.13860279238912553978479991201311,0.215056416709520331620453248433478,0.544245246755025835483365881373174,40.9999387502424923468424822203815,91.2254460867871301843479159288108,0.520237992470742982575870883010793,9.01424822661786251387638913001865,0.463274340419954133718505318029202,8.96515292623516835135433211689815,6.15963954549882508615610277047381,12.9863149900505074896273072226904,0.153265845457076943514351796693518,1.5024612826887835392852821314591,0.114631490566917043638639484015584,0.966871913356358470004181526746834,3.9780669795829082246996222238522,11.5407842979141275208121442119591
5,0.0200000000000000004163336342344337,36095.1796875,0.871249999999999968913755310495617,0.588585385166394803313494321628241,9.56308776341744959381685475818813,0.14373548509221370506061532523745,0.444394501460056989827762663480826,44.6287254925103269442843156866729,95.5286009332419325801311060786247,0.506451448798282743979370934539475,9.44555911267910275341819215100259,0.453666682927174602646402945538284,9.40489504301955925313905026996508,5.73214327003799173354536833357997,12.8493450751525486452919722069055,0.12101614652301344310370012635758,1.4946774299859513224220108895679,0.0823276027372438629070572346790868,0.95907494104167856363574173883535,3.95118198131420061969265589141287,11.5040606943837424580578954191878
5,0.0299999999999999988897769753748435,34478.1875,0.898249999999999992894572642398998,0.623182281257115056050110979413148,9.99522883926410088406555587425828,0.13685065275516206106942718179198,0.477379650818118728139438644575421,48.7700135029504622252716217190027,99.8393645470321047241668566130102,0.532290440479835091913685118925059,9.87978417663392782799292035633698,0.479217829089119806695862280321307,9.84520575346070359046279918402433,5.78647896816065365754866434144787,12.8504467321962589920758546213619,0.128276035761035550608610833478451,1.51474888096698490080882493202807,0.0848414370233983028413149440893903,0.980431716442259459931563014833955,4.42830131078712430081623097066768,11.5880554248367193537205821485259
5,0.0400000000000000008326672684688674,33459.76171875,0.908749999999999946709294817992486,0.602710705034818050584988213813631,9.58700670663310283714508841512725,0.155988738574596608188471691391896,0.596466526039824751492801624408457,44.8281853845967503957581357099116,95.686197018958253579512529540807,0.485157054524471442746857974270824,9.4561002655593373589226757758297,0.42746479309149160163983083293715,9.41348969503327914765122841345146,6.1966909363894870921285473741591,13.0006995050212559306146431481466,0.154956133781528698767360197052767,1.57888104704433462899260121048428,0.105942178021768459994511601962586,1.0613453884701946616786472077365,5.00733775399779545978162786923349,11.7374437908138080643993816920556
5,0.0500000000000000027755575615628914,32513.404296875,0.908499999999999974242825828696368,0.678535964165728699981627869419754,9.99930037211872502211917890235782,0.182446538288790593984600718613365,0.717716985171944044097358528233599,49.7913891259826186796999536454678,99.7376766511820278537925332784653,0.542493504250151636902899099368369,9.86499257346798863466119655640796,0.483531887067021548531897678913083,9.82714659319014671723380160983652,6.37969360538001772908955899765715,13.0805061529376374096500512678176,0.177744105634203064525422632868867,1.63337976517252614350184103386709,0.1218540847666373105884218830397,1.09804597776221646299177336913999,5.71085617152321667333580990089104,12.1419995786858443409528263146058
5,0.0600000000000000047184478546569153,31888.841796875,0.902499999999999968913755310495617,0.909554249310536744310695667081745,11.531911569894916169687348883599,0.232802288944823687621976660011569,0.914070891199754598233084834646434,67.9079983255161465649507590569556,114.959912194503218074714823160321,0.747588528719067224592720322107198,11.4013796776449360947935929289088,0.597776911915182007639657513209386,10.6415693364497538908608476049267,15.5789385923036896031135256635025,42.2858020980706399427617725450546,0.212425266970210385730766233791655,1.73018088709265205338283521996345,0.140188317841286408382828199137293,1.16203134295135290798839378112461,7.36388323073369122084841364994645,12.8713333749048874921072638244368
5,0.0700000000000000066613381477509392,31632.02734375,0.892499999999999960031971113494365,1.01281686446491070441311421745922,12.5490230822821224876406631665304,0.290590738760551914321439426203142,1.06615159686515337256196289672516,72.5132033091964274262863909825683,125.041060409941493958285718690604,0.812476452708155161275271893828176,12.4197227101045637454035386326723,0.614833029407486963968665349966614,10.638116377369035703281952010002,20.3791753594743170197034487500787,64.970522037324158759474812541157,0.255063403159664636721259967089281,1.79679384564923916300926975964103,0.184293529398372374350500990658475,1.27920826094404271877635892451508,7.26128090552760152576183827477507,12.6825000951869686360851119388826
5,0.0800000000000000016653345369377348,31398.90234375,0.88524999999999998134825318629737,1.34826494159927956495437229023082,15.3971642365684324715857655974105,0.357648683286024338112696341340779,1.28172219540663334669261530507356,99.4192745146115441912115784361959,153.4425895439482872006919933483,1.10823523495252906911900936393067,15.2709502828130752050128648988903,0.7302741476184814173322479291528,12.7162039993713058549928973661736,38.5263828810232240584809915162623,85.5085357306850255554309114813805,0.304667232469783333392854274279671,1.96742064330763288815262512798654,0.229283012406197694854625979132834,1.48754616100227954333945490361657,7.76770501876476249236702642519958,12.9617836057061488475028454558924
5,0.0899999999999999966693309261245304,30942.169921875,0.877499999999999946709294817992486,1.70196155591474451718170257663587,17.4176966221848239513292355695739,0.449093507680219661271081577069708,1.56630401942400454551318489393452,125.735898331132688099387451075017,173.47835035646883738991164136678,1.41672188337064342000815031497041,17.2865881696339016571073443628848,1.08000545210587617361852608155459,15.3362231642885742388671133085154,34.7516485785825892662614933215082,81.2270810820590014600384165532887,0.370780859517268523983801742360811,2.13307877865356010360642358136829,0.278837528404005829951728401283617,1.62205861203835688399976788787171,9.47317063973027018164430046454072,13.9472638050021924271959505858831
5,0.0999999999999999916733273153113259,30677.201171875,0.872249999999999969801933730195742,1.73382848892995244938219912000932,17.1388013151907649955774104455486,0.510579716912889836066824500449002,1.75113592437944110002945308224298,122.835456918619144062176928855479,170.50005814256749658852641005069,1.40635760674228471600599732482806,16.9782463755181858289233787218109,1.01824333799242006115548520028824,14.755958601077962200065485376399,39.8296702129788400270626880228519,85.2642474272992529904513503424823,0.41597934664958047257243833882967,2.34044024358412983133348461706191,0.330348103055439323849640231856029,1.91018624529735547845632481767097,8.89347246246954625803482485935092,13.6577346473789837943968450417742
5,0.200000000000000011102230246251565,29828.048828125,0.786749999999999949373830077092862,6.21708447334602265499370332690887,36.5363398083774271185575344134122,3.12277160835016642792538732464891,17.6419300910471328336370788747445,312.554058107935816224198788404465,320.433894310387358927982859313488,5.52071691312505219428885538945906,36.2761152284834622605558251962066,3.50516225900114442026733740931377,28.0264369990690838108093885239214,205.060627671391870308070792816579,232.019433866228013130239560268819,1.03000821788072904894306702772155,4.35288301278732170374041743343696,0.886415916417029325913290449534543,3.9655322951244889040367525012698,15.2456460627869834212333444156684,18.3831406543438298228920757537708
6,0.00800000000000000016653345369377348,35368.99609375,0.730999999999999983124610025697621,0.835510048999100640720882893219823,10.2836190612298494784226932097226,0.298095972308297652020314671972301,0.704639118832546151871554229728645,54.039503641388591859140433371067,102.596915095717506005712493788451,0.696138555607589193385820180992596,10.1609586252681527440699937869795,0.534571356174760814461421887244796,9.14770695387568721912430191878229,16.6912912994575783898199006216601,45.1678459698550867074118286836892,0.208596624614658998631000486057019,1.58358479788067696425457597797504,0.169196709873208700480873289961892,1.08932849550209076561202437005704,4.10918818401823493502433848334476,11.5454346244611567584570366307162
6,0.00900000000000000105471187339389871,34976.59375,0.754000000000000003552713678800501,0.810737732775840491683538857614622,10.276728722304216745442317915149,0.274661257972032668561723767197691,0.672472087040832611215535052906489,53.8823087383528118721187638584524,102.549235351153100737064960412681,0.679685461625098241711384616792202,10.154799164804966693509413744323,0.518849103650906751106219871871872,9.14186820912619246826125163352117,16.6024849010700492613068490754813,45.1463500939133126621527480892837,0.196082149330333022074768223319552,1.57835583893773079289246652479051,0.157174955722359233067919603854534,1.08336145543415685033039608242689,4.04789431651974496162438299506903,11.5294051521299927287600439740345
6,0.0100000000000000002081668171172169,34657.66015625,0.771499999999999963584684792294865,0.789652411475063487067416190257063,10.2703471565640604978852934436873,0.254924909428735857463976799408556,0.64442426159205978830613048558007,53.7276751140615047575010976288468,102.503122349372503663289535325021,0.66565802343363644766327524848748,10.1490165134701566529429328511469,0.50552423869064233574732725173817,9.13650609272337455024626251542941,16.5189027129900765089587366674095,45.1237742704910900215509172994643,0.185658252487667790875391915506043,1.57400588488535930764555814675987,0.14715011257972748781597260858689,1.07840253342751823950607104052324,3.99796410337376340038417765754275,11.5159542452715708549249029601924
6,0.0200000000000000004163336342344337,32229.021484375,0.858999999999999985789145284797996,0.734846203536359765529084597801557,10.6292098583356438012970102136023,0.167926256068832657764033911007573,0.522059004574224938544091401126934,56.8599210028215580337018764112145,106.165098815159211653735837899148,0.638089322301026884431962571397889,10.5139183355524146179504896281287,0.483859125705649928406160142912995,9.55637252007173110257554071722552,15.906878785243369733848339819815,44.8681017892522078227557358331978,0.144346451331993252953367345980951,1.56128903341889913036766301956959,0.107770244099711060004054274941154,1.06722675554141588349921221379191,3.76539096732793376887116210127715,11.4456988760324200882223522057757
6,0.0299999999999999988897769753748435,30597.732421875,0.891499999999999959143792693794239,0.623131639938371173492726029508049,8.97309889879592859074364241678268,0.152832080954905025205192714565783,0.529438321163658853762967737566214,47.1827879793015370069042546674609,89.5762256187518062233721138909459,0.522059365606368785961421963293105,8.83431632890674833902266982477158,0.370126461606678780480450541290338,7.6662729029209266684574686223641,15.5634168615756891540513606742024,44.5658189415939673949651478324085,0.145003818261264544320354730189138,1.57205561237000512875283675384708,0.101780137832677267106795682138909,1.06978058027508815541750664124265,4.42414818069140203249389742268249,11.5688057436784017539821434183978
6,0.0400000000000000008326672684688674,29598.734375,0.901499999999999968025576890795492,0.678178460182815578960457969515119,9.39992553091671290133035654434934,0.16492480176588092399825313805195,0.604805531056611500595465713558951,51.4902906434593532480903377290815,93.806432697170151868704124353826,0.559019903248524019367948767467169,9.25987185474019014463920029811561,0.410304959247142442269051798575674,8.1774694523424873437988935620524,15.2817993593852978762015482061543,44.2073864740440640730412269476801,0.16501067631784260836269595529302,1.61659309059829814358977273514029,0.112768083506748245659068174973072,1.1001500577304412775703212901135,5.33702736461618609808965629781596,11.8959924871408144753104352275841
6,0.0500000000000000027755575615628914,28695.2734375,0.902499999999999968913755310495617,0.752742731529246977828506715013646,9.79726265747983227072381851030514,0.193950136434350300929096988511446,0.752810486946787205120301678107353,56.0732096459240239028076757676899,97.6858736904596156591651379130781,0.608491337997889569777498763869517,9.64889786637525936896508937934414,0.457640536097388250791340169598698,8.63705499319694069981778739020228,15.5427207261474968902348336996511,43.8731105231756970397327677346766,0.196195711311460074810497644648422,1.69856573140625166651318522781366,0.132644789927978679067166467575589,1.16284572334375568836151160212466,6.48773692827611636602114231209271,12.4355839001302257429415476508439
6,0.0600000000000000047184478546569153,28198.431640625,0.897750000000000047961634663806763,0.754817944146918939907209278317168,9.37048809785191849641705630347133,0.236629371170936492196901212992088,0.896711759369873018243879414512776,52.0554866687691983884178625885397,93.2791488663925321134229307062924,0.582184586057456820995525959006045,9.20457103986469427070460369577631,0.430411230272855049872049448822509,8.14931413219500733191580366110429,15.6077468087330508694776654010639,43.5625072866271807470184285193682,0.223794532602546780708507867529988,1.75553956493970297891848986182595,0.162994606112856960100643277655763,1.26962619764733086746844037406845,6.24298725508183505183978923014365,12.1905208630877925912727732793428
6,0.0700000000000000066613381477509392,27818.5390625,0.891750000000000042632564145606011,0.981314307434591359680098321405239,11.6778232296007580259811220457777,0.291795608094139014010437449542223,1.06741280683775840998350759036839,69.2436655421393965070819831453264,116.294272852365281778475036844611,0.780236217387099251219240159116453,11.5334388717202731555744321667589,0.534734516883985655510969081660733,9.10145027285909868908220232697204,25.0849045671953696512446185806766,71.4228108583487113492083153687418,0.262438628819935571012678110491834,1.83066741220110151822098032425856,0.192254781881413538968672582996078,1.31199013363698369083465422590962,7.21063947573362629128723710891791,12.8344779576026990497439328464679
6,0.0800000000000000016653345369377348,27194,0.883499999999999952038365336193237,1.49302309592421722506117021112004,15.7653254582450443876950885169208,0.375376115203804539000032036710763,1.33994854494102400011001918755937,112.140074187245090797659941017628,157.088503501157163100288016721606,1.25472043458719784148058806749759,15.643666594252128021480530151166,0.83893809670649854837165548815392,12.8115123205819365637125883949921,42.417171884776465162758540827781,90.6812026007052338627545395866036,0.313316252783009341342790321505163,1.95478446184453735767760917951819,0.239174931746883867589303918066435,1.47007179212825689340604640165111,7.65330703535942991067031471175142,12.9679694979505732987945521017537
6,0.0899999999999999966693309261245304,27034.2578125,0.876499999999999945821116398292361,1.70922474429193815836924841278233,17.0370877365881803200409194687381,0.45931966541896662725719124864554,1.62020693994459885622916317515774,125.449827552716101308760698884726,169.606467660063344737864099442959,1.43016128747991078107304474542616,16.9057801855597773510453407652676,1.04809391547391750343365401931806,14.5797591020827379537649903795682,39.2548311160732765756620210595429,86.8111294491948513041279511526227,0.369888103985484495428437412556377,2.11115012771208609976270054175984,0.289343268566101652350397444024566,1.63406103111352196677330539387185,8.34382681050439600767276715487242,13.4666289874972324724922145833261
6,0.0999999999999999916733273153113259,26828.591796875,0.869999999999999995559107901499374,1.85903508798226413389897970773745,17.4766872260713590492287039523944,0.524949829075262108801780414069071,1.80948132118027471548771245579701,133.933475719775429979563341476023,173.837025967640869339447817765176,1.53695165421546220407833516219398,17.3294645920874010869283665670082,1.12226192267029389881827228236943,14.848014648103500690012879204005,42.5912350771871643928534467704594,90.5822496121716653760813642293215,0.421309281747736574796903141759685,2.26368137102251143488729212549515,0.345160582131299298325188829039689,1.85261978315733411015742149174912,7.96003054377502650140741025097668,13.1391601298480562576287411502562
6,0.200000000000000011102230246251565,26108.083984375,0.786499999999999976907361087796744,5.79744843507044205210831933072768,35.395760597882265585667482810095,2.67791761335585265513259400904644,14.7638171326374507685841308557428,314.630999784815116981917526572943,322.035599730820933928043814375997,5.01816467482945505196312296902761,35.0708534614345239788235630840063,3.06781954144200108558493411692325,26.2578528634129533259056188398972,198.102332880187475439015543088317,233.962534155949072101066121831536,1.10351467221272381280527952185366,4.78488304864190983067828710773028,0.964724478013790132102656116330763,4.44688341922518493021243557450362,14.8437438979071227862505111261271,18.2156014625996469646906916750595
7,0.00800000000000000016653345369377348,33534.2265625,0.596500000000000030198066269804258,1.22745157273682381493529192084679,9.23199686521029327934684260981157,0.706585028275202642333852054434828,1.43739988542772678670189634431154,52.7932394744372928130360378418118,91.2054323343359385489748092368245,0.719222997838312450014086607552599,8.92971500524973826884433947270736,0.468162456451516328925777088443283,6.84880950884278139056959844310768,25.5742165951311122285005694720894,57.7084745106394123581594612915069,0.600986601711909207423900625144597,2.34306552282909086315498825570103,0.504513406295831190462308768474031,1.45445874616612069729626455227844,10.1518329479036335527553092106245,18.4273174998810631564083450939506
7,0.00900000000000000105471187339389871,33264.08984375,0.621249999999999968913755310495617,1.1749475907697182197608753995155,9.2146862165403540245733893243596,0.655829903268065450561152829322964,1.37137203069829705093241045688046,52.5675986534333361532844719476998,91.1309977094418854903778992593288,0.699120468649850668185763424844481,8.91985743770682582010067562805489,0.449400780573154301489324780050083,6.83980378558649348974540771450847,25.4213695882427792582802794640884,57.6617464545982159052073257043958,0.563233171424986300834802932513412,2.31226844468481340655330313893501,0.466928378775644803422295581185608,1.40558229288955627289681160618784,10.0974076437097828318201209185645,18.413800243353655616829200880602
7,0.0100000000000000002081668171172169,32970.16015625,0.642249999999999987565502124198247,1.12926719676068487707709664391587,9.19925095518650337567123642656952,0.611893290981544546447423726931447,1.31279388941096764042981703823898,52.3492838688955970383176463656127,91.060433020267240067369129974395,0.681938842433701508660703893838217,8.9107553319442036610098512028344,0.43345706660380345365268794921576,6.83150540517361282155661683646031,25.2816346495935917459974007215351,57.6183904199561141012964071705937,0.5304662146015686197131344670197,2.28575098178427449369110036059283,0.434371857720791176848962322765146,1.36298736497727390748480047477642,10.0438075457985256377924088155851,18.3997291806454583706909033935517
7,0.0200000000000000004163336342344337,31367.76171875,0.76075000000000003730349362740526,0.92487361974004655973402577728848,9.55342195826816897863409394631162,0.378365846805849614931105406867573,0.96783734859739922740118345245719,55.0291431402255497573605680372566,95.0476349367588397853978676721454,0.636082082424661243713615021988517,9.30952400184693829032767098397017,0.397230465739731364305242777845706,7.37631239605032362760539399459958,24.282392134232718916564408573322,57.2724649569754546973854303359985,0.353499739861425077425138852049713,2.14490884928853819957339510438032,0.26054434639203111201410933972511,1.13187410413103739514895096363034,9.55608369333142526613755762809888,18.2546059229715176286390487803146
7,0.0299999999999999988897769753748435,29960.462890625,0.810000000000000053290705182007514,0.881202971943138790855698516679695,9.9522588378618834781264013145119,0.299895730454904585471354039327707,0.851367241404416774663843625603477,58.430619879278332007288554450497,99.1614229717689994458851288072765,0.646131142871103070213223418249981,9.72725802944496464874646335374564,0.412398856203324060132331396744121,7.92483879446081029840343035175465,23.7856275229812368365855945739895,56.9600821210717143117108207661659,0.295170410922777348705636768499971,2.10425930065625355069869328872301,0.204354790479173098471932235042914,1.06729113997854541118215365713695,9.2859168348396092795837830635719,18.1664193794385582236827758606523
7,0.0400000000000000008326672684688674,29316.916015625,0.834749999999999992006394222698873,0.848485530855230818403356352064293,9.91773811793705561967726680450141,0.275058533827354512180107803942519,0.832367507746038404192745474574622,57.6177582366149749759642872959375,98.8309779698196564368117833510041,0.632596238703953539506130709924037,9.69366590223337709630868630483747,0.402149260369746741616836516186595,7.90760769172208810573465598281473,23.4468470937904314155275642406195,56.6234949574834587338045821525156,0.275568159669031031988595259463182,2.09627544751633765329756897699554,0.188344980034426984216722189557913,1.07121229145708896091093720315257,8.91066294349483811743084515910596,18.0509000779040427175914373947307
7,0.0500000000000000027755575615628914,28673.798828125,0.848249999999999948485651657392737,0.803962209811126427005945060955128,9.46039495020450083018204168183729,0.27324037069404594202381986178807,0.866365696433601617520992022036808,53.3454242824020852253852353896946,94.2103969788353623471266473643482,0.586402923688867483420494863821659,9.21660198287442433695559884654358,0.357181132526434463869691171566956,7.33529644317573570333479437977076,23.2793602487697413039313687477261,56.2825407569264228868632926605642,0.280177950597138736288371774207917,2.13385109675676210017059020174202,0.19162638959479250111428427771898,1.13721587553443348461712503194576,9.0467824898294271207532801781781,18.0914155196274322179306182079017
7,0.0600000000000000047184478546569153,27874.9765625,0.855500000000000038191672047105385,0.931332439348673934986777567246463,10.2899394818755816061184304999188,0.310340000601945553704297253716504,1.03069203625569350002422197576379,62.4095838752747908984019886702299,102.387084990147556595729838591069,0.697296368493536156130119252338773,10.0543470100503000708158651832491,0.472346544949758251341620507446351,8.39643489260396513884643354685977,22.9673288993275654945591668365523,55.9417340469773236577566422056407,0.300607125699776767113746700488264,2.18928315714396015678744333854411,0.202607206445870907662865079146286,1.19243236037317790199097089498537,10.0025991318364564364173929789104,18.3991433426388866223533113952726
7,0.0700000000000000066613381477509392,27214.46875,0.85399999999999998134825318629737,1.31742204761738501694878777925624,13.6691147903157510512528460822068,0.358137914818445923792467056046007,1.16271483866105196369744589901529,96.2865511947123877689591608941555,136.200702058670259475547936744988,1.06995357089037224085359412129037,13.4883726192879720429118606261909,0.614720203898759254279582364688395,9.75836104229997403081142692826688,46.1380569030600540259001718368381,93.6284368059183123023103689774871,0.328623851020467094841137623006944,2.21551421436912665541285605286248,0.228722342983425225293458993292006,1.22871321739742223044800084608141,10.2188731466876046027891788980924,18.476645867609722273527950164862
7,0.0800000000000000016653345369377348,27053.607421875,0.851750000000000007105427357601002,1.42574202058281174210208064323524,14.4874582803739624381478279246949,0.420486274323203845781904419709463,1.36515927819497440154350442753639,100.946060900284038552854326553643,144.236411550371940393233671784401,1.13082362461254759544715398078552,14.2910833494764144546707029803656,0.646999408244767315601109203271335,10.549034135700010139657933905255,49.029421045022772318588977213949,96.9875060600486307293977006338537,0.379394619818402556443714956913027,2.37726399962094303575099729641806,0.276329517229840337932955662836321,1.48041095867217364911994081921875,10.5828397760860752896405756473541,18.6592703056755766510832472704351
7,0.0899999999999999966693309261245304,26628.5234375,0.847249999999999947597473237692611,1.86526611985415491368200946453726,17.1006304244540281445097207324579,0.519565099978595013041626771155279,1.76802202640768779673408062080853,135.089667087534593292730278335512,170.099064679015384626836748793721,1.54047813431991253985131606896175,16.9174167451209278567603178089485,0.863118463391285839492184095433913,12.653291347831636670662192045711,68.5990855562538683898310409858823,113.001887247212863485401612706482,0.427629810461776393992749945027754,2.49651188374213717224847641773522,0.310879475998101506561965834407602,1.57140631111934747643488208268536,11.9859129223655784812763158697635,19.4626487636864489161325764143839
7,0.0999999999999999916733273153113259,26393.38671875,0.841999999999999970690112149895867,1.94695752950151423910085668467218,17.7039103835541489218030619667843,0.563806709308244391465336775581818,1.85609593721531540566616058640648,138.878888728635217830742476508021,176.073223876332406234723748639226,1.60123138725203362220383951353142,17.5141392238108117851425049593672,0.889083187739056923781788555061212,12.6099221520196955736992094898596,72.1039031390367171070465701632202,122.198624148486757690079684834927,0.458413606206103385609651468257653,2.58522148333354007121442919014953,0.344387697691300953550808117142878,1.71628943096499897436046921939123,11.7469785491715406067214644281194,19.4092174009039624138495128136128
7,0.200000000000000011102230246251565,24969.255859375,0.774499999999999966249220051395241,6.02512126270528280969074330641888,35.5351791268410224233775807078928,2.99357989496681353713825046725105,16.5028104855309329934698325814679,306.14771666881375722368829883635,315.139592751298323491937480866909,5.29937692644256941321145859546959,35.2456122347426443752738123293966,3.29305072362249484640983610006515,26.6529938908732653146671509603038,203.925671005630135823594173416495,232.158333748410228736247518099844,1.09125236325569274775659778242698,4.52722583651810950300387048628181,0.940744260524453701499680846609408,4.00497873337750220912312215659767,15.9915545336483457816711961640976,21.4856176699184011624765844317153
8,0.00800000000000000016653345369377348,32363.90625,0.588250000000000050626169922907138,1.09255027072306853952454730460886,9.07746558452861584953552664956078,0.524875198693023126139678424806334,1.11074039974315486034583955188282,57.2923824016975373751847655512393,90.0993754945260860722555662505329,0.787627033557321110102122929674806,8.86321479878205842339866649126634,0.541511346629145573494668042258127,7.24154984866355988515351782552898,25.153080039446685134407744044438,51.6148552267434297391446307301521,0.396378554440602659525438866694458,1.9605623858863137076724569851649,0.322409274578154658730255732734804,1.17625394304531027955817990005016,7.71933726082297066994897249969654,15.7291680129874968940839607967064
8,0.00900000000000000105471187339389871,32079.203125,0.61675000000000002042810365310288,1.05191018315078377298732448252849,9.06322131100212402543547796085477,0.486344722354425995636262314292253,1.06802259904382146338264192308998,57.0428908019902110027032904326916,90.0070636021725931641412898898125,0.765055093216125525756865499715786,8.851152766023467677314329193905,0.52031008540987433441671328182565,7.23088581325573098723680232069455,24.9948108660350030163499468471855,51.5558461666427731984185811597854,0.372375126582761395432896733836969,1.94912165980427198874735950084869,0.299185898090399304827258220029762,1.15931858899883155622489994129864,7.61810874732660003871842491207644,15.711447577571906464299900108017
8,0.0100000000000000002081668171172169,31760.609375,0.639249999999999984900966865097871,1.01701506960979393134891779482132,9.05022148589859654066458460874856,0.453497451309307408884308188135037,1.03028506443696699079737300053239,56.8052592813579622088582254946232,89.9197622900320681083030649460852,0.74586691984247655007322919118451,8.83998500177304435965197626501322,0.502453926993023713976072031073272,7.22109217370015787906822879449464,24.8437532119383028827996895415708,51.5001013322395522209262708202004,0.352016298332446131436057612518198,1.9393746704151688664552466434543,0.279428009657488263250968429929344,1.14479396748233575031861164461588,7.53825687715327319438074482604861,15.6962620280875650990992653532885
8,0.0200000000000000004163336342344337,29885.94140625,0.77049999999999996269650637259474,0.881356190078772416818253532255767,9.41798773349731987991617643274367,0.291470095128308404053285585177946,0.825234411728725691936858765984653,59.2800795901746937488496769219637,93.8212615734555868129973532631993,0.690335208101611197406555220368318,9.226028837876167898457424598746,0.457542081235876696432285370974569,7.72441696681380740585609601112083,23.7368547678093264607923629228026,51.0388644220202749579584633465856,0.252561899517972476836291662039002,1.89179407732010762543950477265753,0.183553792471287557930281764129177,1.07744300022241779046794363239314,7.08436449713978610986941930605099,15.5872070828690638677471724804491
8,0.0299999999999999988897769753748435,28874.400390625,0.823999999999999954702900595293613,0.866480364879646192122208958608098,9.817944934703470849512996210251,0.244676135427919383413808418481494,0.772406545837461600001461192732677,62.4250990806006029743002727627754,97.8781880643167170319429715164006,0.695530768316432457254450127948076,9.63517979356440790184024081099778,0.470583559325378431026365433353931,8.2403190032632966932624185574241,22.9653044584307828301916742930189,50.6091503105170588128203235100955,0.227894505322031704075413927057525,1.88556439469940362307909254013794,0.157443957688278124429359650093829,1.06551915567071531221188251947751,7.2024987210636286505405223579146,15.5928680048537131597186089493334
8,0.0400000000000000008326672684688674,27960.22265625,0.850999999999999978683717927196994,0.90120114486649360863168567448156,10.1879156398245083181564041296951,0.244332869252873619014820860684267,0.821939298698170506263238621613709,65.9311604306148950627175508998334,101.550379967552970583710703067482,0.72784084219766942425167144392617,10.0080136887613484475423319963738,0.460080032823316387169398922196706,8.2169464387210524591864668764174,27.2361609702586164871718210633844,57.7211497679940990224167762789875,0.232707073442089157344625505174918,1.90611833046789369561224702920299,0.15693127926880329203740416232904,1.08479035675981649866628231393406,7.73451069659737999728577051428147,15.7107755149381826953458585194312
8,0.0500000000000000027755575615628914,27415.857421875,0.86424999999999996269650637259474,0.865678947890209937732208800298395,9.73658563183505521010374650359154,0.257716636540710919422991764804465,0.895627906722786581994455445965286,61.0539477714906198002609016839415,96.9571925708604709370774799026549,0.67893668718657584904008217563387,9.54071989251078278471140947658569,0.456852997756512224647451603232184,8.18214027681537814373768924269825,22.6652219407628585656766517786309,49.7467493942683347540878457948565,0.245811880572644636533397033417714,1.94313244497272519240027577325236,0.165448843704760539807807617762592,1.12648537035114126858559302490903,8.20175253049316310693939158227295,15.8728828572086584358658001292497
8,0.0600000000000000047184478546569153,26891.1171875,0.867249999999999965361041631695116,1.03270492944777991795035632094368,10.9152796606622608521774964174256,0.298739199113252973383225707948441,1.05029598886379194055962216225453,73.6953122325659251146134920418262,108.651387300340573460744053591043,0.824455937687350814968567647156306,10.7302655490808511729028396075591,0.562583214154512178950540146615822,9.13887619435465836659204796887934,26.7498555674383737823518458753824,56.9690540899236950167505710851401,0.271524387147062729042090722941794,2.00118247960454409550834498077165,0.18121230333250723520954750256351,1.17846121611788845484625198878348,9.21242068478805364861727866809815,16.2168066744383452260080957785249
8,0.0700000000000000066613381477509392,26184.09765625,0.860500000000000042632564145606011,1.31046507854471383502925618813606,13.2677722641993831587114982539788,0.358377094091958003918563235856709,1.24434552287992050700893287284998,95.5671755393675255163543624803424,132.098777069339377021606196649373,1.07225877390978530101506294158753,13.0953075591146639311546095996164,0.711337843957871696076722400903236,10.3971183746972268835406794096343,36.8034308391492217538143449928612,80.2919736183596342016244307160378,0.318458776248273900399965441465611,2.13229941304041892280451975238975,0.22315197722320806450468921866559,1.36342585326636833720215236098738,9.75383187972978760171827161684632,16.4510182969655147644516546279192
8,0.0800000000000000016653345369377348,25890.220703125,0.854249999999999953814722175593488,1.66328773924044881482586788479239,16.2287843899070729491995734861121,0.424948496755903404320520166947972,1.46432418101054606651700851216447,124.258872745210439347829378675669,161.632496707831080584583105519414,1.40180476704339174176539017935283,16.0833597186865091543950256891549,0.9635694397581673342756403144449,13.4703996536410457451893307734281,44.7871021682806116359643056057394,88.9029300305355860700728953815997,0.350220068695164421512799890479073,2.16771375726204684752929097157903,0.247444633910061162485050090253935,1.37926049094328040389711986790644,10.5249881124203987781129399081692,16.7798898284965254390499467262998
8,0.0899999999999999966693309261245304,25395.9609375,0.849500000000000032862601528904634,1.9293965516231059709184592065867,17.6992677911950799796159117249772,0.514618082308625157672565819666488,1.78259833494672359499588765174849,141.992465013756685721091344021261,176.101731987200594176101731136441,1.60376419384979218563103131600656,17.531672164504392696926515782252,1.12245794418241828793725289870054,14.8807100311236890632926588295959,49.2530829109197441084688762202859,93.8820287188005124789924593642354,0.42397769604039081681179368388257,2.4299282830523494247643156995764,0.316815366277847010323398535547312,1.74721201867085862424744391319109,11.0330483425322380952593448455445,16.9774236000982270411441277246922
8,0.0999999999999999916733273153113259,24910.3515625,0.846500000000000030198066269804258,1.94384923357133398980067795491777,17.4282003538514729257258295547217,0.573761860254211608634022923070006,1.94686047389778749128197432582965,137.582499191966405760467750951648,173.202137552113157425992540083826,1.60322059732558241940125753899338,17.2551806950052259992389735998586,0.971643505604930846075717454368714,13.7222187897872629491757834330201,64.1293526776700844038714421913028,105.510646471168129778561706189066,0.444403999810882466281469760360778,2.44967482672856995407073554815724,0.331181188025177652978214837276028,1.72588709668105755312694782332983,11.653462366595658039614136214368,17.4699952745339324167161976220086
8,0.200000000000000011102230246251565,23658.283203125,0.773750000000000048849813083506888,6.15097714559779351617407883168198,35.9658274495543750504111812915653,3.0775349625524999197523356997408,16.8412892597330809962841158267111,310.42175326708166949174483306706,318.237020228699577728548320010304,5.42182017444168451447694678790867,35.6709792544919466195096902083606,3.56549961852774499604379343509208,28.0097504862873591946481610648334,189.197555209921858931920723989606,222.647277075952700897687464021146,1.09116567151210319686072125477949,4.59586587671204149785353365587071,0.92444208267423422231701124474057,4.08832393450528286393819143995643,17.5968009664611528819477825891227,21.3886289631006647482536209281534
9,0.00800000000000000016653345369377348,30460.21875,0.685250000000000025757174171303632,1.55092954125228854600493377802195,14.5894462398084474585857606143691,0.499705725151573798559212491454673,1.31891337436155908768853350920836,105.622087335223042714460461866111,145.303064117754161088669206947088,1.35592631310521172238736653525848,14.4232542710964199983436628826894,0.964974103253636195098863481689477,12.5257168596642642910410359036177,40.0601950884112127937441982794553,72.5986341116060032163659343495965,0.337055365651317773156847579230089,2.19583191878615258119111786072608,0.23642089944302530080122437539103,0.924918396039937529273800009832485,10.2998675202722829169488250045106,19.9367964242511064298923884052783
9,0.00900000000000000105471187339389871,30008.107421875,0.711749999999999993782751062099123,1.51263178672284848147455704747699,14.5791284227791777539096074178815,0.46337478102843460137094666606572,1.27151897833372173884924904996296,105.389075350469823888488463126123,145.241313909213687338706222362816,1.32975420568305402468922693515196,14.4142587573268272649329446721822,0.940718862761611873679612472187728,12.5180804773236005189573916140944,39.8442531549057932238611101638526,72.5503549783116739035904174670577,0.318332362182119799065560528106289,2.18635085123941008689030240930151,0.218527276917936691402744031620387,0.906046331130678783694065714371391,10.1990358033362511491759505588561,19.9183816865263487727588653797284
9,0.0100000000000000002081668171172169,29668.3984375,0.735249999999999959143792693794239,1.48012270865183270807108328881441,14.5698800959190233328399699530564,0.432824127889925636125667551823426,1.23123581909326484939981583011104,105.162682204080624615016859024763,145.182858417810905393707798793912,1.30750401136447469419010758429067,14.4061009389806340408313189982437,0.920139414026931112822182967647677,12.5110856926190656679409585194662,39.65659914778127870249591069296,72.5077593834768947544944239780307,0.302788070288378508010396217287052,2.17845398054638295093354827258736,0.203726318043087051279371735290624,0.890402157755397549721010364009999,10.1099015425722349448278691852465,19.9016931512076880039785464759916
9,0.0200000000000000004163336342344337,27275.6875,0.834749999999999992006394222698873,1.36220141316015008747797310206806,14.7939570868164622652329853735864,0.287830076094977960199372546412633,1.01089500486695937908621090173256,107.72496378261219263094972120598,147.597248166356649790031951852143,1.23461808826295538210615632124245,14.6379359153364880796743818791583,0.858193173121902797007010121888015,12.7993534280961469562498677987605,38.5006846872271921711217146366835,72.1692137728786065054009668529034,0.234840784443282268867392303945962,2.14289487027932290530429781938437,0.138976207901597953453531886225392,0.820858365628216568588015888963128,9.72543386207003734966747288126498,19.8114311780139367158426466630772
9,0.0299999999999999988897769753748435,25764.27734375,0.868500000000000049737991503207013,1.35635394038010326234200420003617,15.0462241069108806357235152972862,0.250114002253419953625268590258202,0.941051995033412302937847471184796,110.874107814921813996988930739462,150.170615237004113851071451790631,1.23118306132779276040878357889596,14.8930191575717199015116420923732,0.862666733198702462281914904451696,13.1116705408582649994286839501001,37.7142995461077319419018749613315,71.8368111064988426051058922894299,0.226174490998216709547463665330724,2.14169097854647549894480107468553,0.12971185357607389887490967339545,0.820955099751781935957239966228371,9.7759755957903458067903557093814,19.7980116287898617599694262025878
9,0.0400000000000000008326672684688674,24548.8984375,0.885000000000000008881784197001252,1.30536699724654470244900039688218,14.7428190043649802731806630617939,0.250098999110775321863542330902419,0.945772179819701519498664765706053,105.776898812687747408745053689927,147.127554193463538467767648398876,1.16487423429830072585389189043781,14.5824916539595026421238799230196,0.801938294041964594427440715662669,12.7746446376244797704657685244456,37.09553231967560549264817382209,71.4768722569660894805565476417542,0.239931946923749139788384354687878,2.16832870148111078734132206591312,0.140150476463813483674059057193517,0.874519609106016782007486654038075,10.1182975224573841188657752354629,19.8607972056081614198319584829733
9,0.0500000000000000027755575615628914,23689.65625,0.887249999999999983124610025697621,1.41308718315738324200481201842194,15.2545641592025322808012788300402,0.283042775066462082289575619142852,1.09132357025477944034719257615507,113.287483584158579219547391403466,152.158683755999533104841248132288,1.25018910049290621344653118285351,15.0930382614899247784023827989586,0.848642674956549547538031674775993,13.0704033022662784446765726897866,41.0032852285921407542446104343981,76.598117407508496512491547036916,0.266671073718542372965600861789426,2.21402884453390713659359789744485,0.161283312244977466987094771866396,0.956735730914332616059425618004752,10.7000594596014675374817670672201,19.9893319003113418830253067426383
9,0.0600000000000000047184478546569153,23051.287109375,0.88575000000000003730349362740526,1.4966026300458659115122372895712,15.5113293283108291120697685983032,0.333114817703109800106631155358627,1.25212868995028014929005166777642,116.681896051978768014123488683254,154.612156552349091498399502597749,1.30242188269910474929247357067652,15.3438696034618935470916767371818,0.944917777745428399960303522675531,13.6811089091773450121536370716058,36.6953282731130698834931536111981,70.8048874253168776249367510899901,0.300964757291071860478837152186316,2.27310429221220955398052865348291,0.187035581128363992409191496335552,1.04702158702753478358715710783144,11.5799531973991509659072107751854,20.2032459313074959084133297437802
9,0.0700000000000000066613381477509392,22640.189453125,0.880000000000000004440892098500626,1.67051888333722553525717557931785,16.2740499297563268044086726149544,0.390868051210083056190569550381042,1.45079077717120541457518356764922,128.355951263924310978836729191244,162.099029971146990192210068926215,1.44943458674595504476201313082129,16.1049536420188843521827948279679,0.915690717254684094505989833123749,12.7626327760230360297555307624862,54.2900776663818405154415813740343,99.0523015329356297797858132980764,0.337074543034873108648952211297001,2.33990796926388622267722894321196,0.220566628989491780865606074257812,1.15879246141656078172843535867287,11.8713580335276240873554343124852,20.3612311407614825498058053199202
9,0.0800000000000000016653345369377348,22267.849609375,0.872249999999999969801933730195742,1.91632031175838024594781927589793,17.6566025887560051899072277592495,0.477974378384804055031054303981364,1.74159145266120485295857633900596,144.31256771574243202849174849689,175.713632253494353108180803246796,1.64657977338657834920354616770055,17.4812681455013532172415580134839,1.03518857445733480915350810391828,13.9636821483702089352618713746779,62.1743084673816497343068476766348,106.094373566940205932951357681304,0.393767664831927932667099412356038,2.48211180295031130782490436104126,0.274906651854279870939024021936348,1.41720752848464859319221886835294,12.1610079496191119119430368300527,20.4266654041711213096732535632327
9,0.0899999999999999966693309261245304,22007.7734375,0.864999999999999991118215802998748,1.96484089308366427495400330371922,17.6829308483143456953712302492931,0.52498656530996923308407531294506,1.82323261824926108332078911189456,144.510419342679426790709840133786,175.896306947536970710643799975514,1.67715155075691924047021075239172,17.5021804971497516589806764386594,1.10392784191431059248600377031835,14.2431311168527532373673238907941,58.4262987261751192136216559447348,102.707451522792837295128265395761,0.42173928543211725017414437388652,2.52184877251948824650185088103171,0.291281663040337257530865144872223,1.42661867748636006503204498585546,13.3370439022183351340800072648562,20.8442624935847753420148364966735
9,0.0999999999999999916733273153113259,21758.8984375,0.860500000000000042632564145606011,2.31262167006738827979006600799039,19.7693245814643390190212812740356,0.641059853732287687755331262451364,2.29980819956277660054411171586253,167.797241487242359880838193930686,196.36444887760657707076461520046,1.97045316247164326028951109037735,19.5846359526890800850651430664584,1.21665906081857344567254131106893,15.2973003891130101550288600265048,76.5960692261255928769969614222646,123.243920822307586604438256472349,0.487916779765500407961553719360381,2.69596532023843904468662913131993,0.34803675848300658079992331295216,1.63520815955821952059068280505016,14.3360388867323589323632404557429,21.4966563448677376868545252364129
9,0.200000000000000011102230246251565,20784.22265625,0.779000000000000025757174171303632,5.66495746577919234709952434059232,34.3506877729073494265321642160416,2.60975215370071644827021373203024,13.5710248524808321235468611121178,308.130283361548549692088272422552,315.854200871316777465835912153125,4.89666430515575346049672589288093,34.0264008474199428633255593013018,2.91236880112159557398854303755797,24.7044913220820134824862179812044,201.341919204537447285474627278745,235.284334808185548126857611350715,1.12117665559911006134541366918711,4.70890601333982861120830420986749,0.949528229285397151748782107461011,4.10707626647446666368068690644577,18.1143708606566846697205619420856,23.397438189717547629697946831584
10,0.00800000000000000016653345369377348,29462.62890625,0.677000000000000046185277824406512,1.81537645419957560655177530861693,15.6046822008793544256377572310157,0.615129085365436534260652479133569,1.87657140659566845641847976366989,120.639865968779346871997404377908,154.925724638882684303098358213902,1.55078194679644831843745578225935,15.3910637931678859757766986149363,1.01356540283273210967251998226857,12.5648974452856414529833273263648,54.7352197992043798535632959101349,89.7702419251074843487003818154335,0.418147937233393496292421787075,2.57318128103683818608260480687022,0.319724837123652794179662350870785,1.69189267028089984634675602137577,10.1620348480977469307617866434157,19.4612078386868141421928157797083
10,0.00900000000000000105471187339389871,29199.9453125,0.702500000000000013322676295501878,1.77296424225629456472574929648545,15.5932531098311901729402961791493,0.574286300826536977304215270123677,1.82825318056336105776438216707902,120.442080443802254308138799387962,154.867833313423233221328700892627,1.52080061555577938925409853254678,15.3810854003523207467196698416956,0.985776899257542749133165216335328,12.5567870753222674551352611160837,54.4881485290812150878991815261543,89.7115463329558195937352138571441,0.398342018911941209147187237249454,2.56354333966275582668004062725231,0.30100739648429680750396641997213,1.68114492236396206870097103092121,10.0344696392487335856458230409771,19.4261902771465848616117000347003
10,0.0100000000000000002081668171172169,28894.26953125,0.722999999999999976019182668096619,1.73706422246419522892324494023342,15.583042515710699760234092536848,0.539777922728126635654177789547248,1.78366363774669300923392256663647,120.268407896335048690161784179509,154.816527746088411277014529332519,1.49535182616210327033456906065112,15.3720713492065588212653892696835,0.96219174074304025801041007071035,12.5494178742716968599779647774994,54.2782002826493084057801752351224,89.6591141333875469854319817386568,0.381989994628101903195727118145442,2.55551100200154523989226618141402,0.285677649626676188887586249620654,1.67241802377012138691725340322591,9.9169121497692600541995489038527,19.3949072067439800548527273349464
10,0.0200000000000000004163336342344337,26280.9609375,0.827250000000000040856207306205761,1.51342130854553102992099411494564,14.7214187318353513234114871011116,0.370477910122960774064182487563812,1.47353327479381501774469143128954,114.664817752379946114160702563822,146.482279532108378816701588220894,1.31643307819992894103222624835325,14.5040753039471770335921974037774,0.796063817427519748726183479448082,11.4914910776291101512924797134474,52.8329898946684437532894662581384,89.2380955126302808366745011880994,0.312324018871904640626269156200578,2.52031130130031399971812788862735,0.221032254933265254193130999738059,1.63685180959792586641299294569762,9.35020864879720647877547889947891,19.234027262494763022004917729646
10,0.0299999999999999988897769753748435,24789.642578125,0.867500000000000048849813083506888,1.54737256691657232288150680687977,15.2384454889863629745150319649838,0.334730456298579615026511646647123,1.45373412791900902263364514510613,121.598941518097859670888283289969,151.696411109583976895009982399642,1.3510960433288607962509786375449,15.0283014477005867348680112627335,0.841571582803072759659812618338037,12.1804687963770170711086393566802,51.7940176353818628740555141121149,88.864876359808476991020143032074,0.306445744332422331801524251204683,2.5219786909981296574301268265117,0.213046220494963439717750475210778,1.63737507675233473491971381008625,9.55299860424085167664998152758926,19.2514657813336995673125784378499
10,0.0400000000000000008326672684688674,23731.455078125,0.882249999999999978683717927196994,1.44994861697479660023191172513179,14.6599294594575475514375284546986,0.324278203295475242473600019366131,1.32237479835194604582682131876936,112.891319571227583651307213585824,146.007651648818750800273846834898,1.23520188794468599446929601981537,14.4371021435411037714402482379228,0.732486256341557395721508783026366,11.4638602186053635278994988766499,51.0040494166544107201843871735036,88.5008633304973812983007519505918,0.322081658660251846093558469874552,2.54629406259994794936574180610478,0.228963009761252528351249679872126,1.67665628973079061658779664867325,9.54082789966119015900858357781544,19.2368108128059134287468623369932
10,0.0500000000000000027755575615628914,22886.658203125,0.884249999999999980460074766597245,1.46323949009857567915560139226727,14.6245661247701406182386563159525,0.347240975885527214384040917138918,1.38025184543379131341112042719033,111.947092397190360202330339234322,145.599412819049234713020268827677,1.22792490066057080611017227056436,14.3945917641975569267742685042322,0.730401557690048219839695775590371,11.4361822205052519052514981012791,50.482735854742323056143504800275,88.1622770322487383509724168106914,0.34505579828151988763806912174914,2.58334323694511391877881578693632,0.247978388445398101325167772301938,1.72069137183385389988643510150723,9.95571937205756540834045154042542,19.3455195607086878339941904414445
10,0.0600000000000000047184478546569153,22174.39453125,0.880249999999999976907361087796744,1.7155550566366359888093029439915,15.4305246584138426868548776837997,0.417725550477009044403331472494756,1.72954018092960071228958440769929,130.200676166439762937443447299302,153.3426539123547627241350710392,1.45675774937038493561658469843678,15.2044835888429261672172287944704,0.879162680317663758344792768184561,11.7977473552543070667297797626816,58.638669585589795474334096070379,96.6340245315116987967485329136252,0.378769720845648083518142357206671,2.63149577816938906593691172020044,0.265317481575882530009380388946738,1.73712155346193553029365830298048,11.6105414085524110134883812861517,19.8427685869092691461901267757639
10,0.0700000000000000066613381477509392,21797.23828125,0.873500000000000054178883601707639,1.81496219615456633178496304026339,16.2003825677769093260849331272766,0.477225698133185161076141866942635,1.82193330373742101713219199154992,134.250875500271291684839525260031,160.986381035383004700634046457708,1.52039805515864601126452271273592,15.9756872061941077589608539710753,0.945389877245199961031119073595619,12.1566850288682264391582066309638,58.4462076685898068717506248503923,104.362560685312999453344673383981,0.419138778031912240251699586224277,2.68883127625670725890927315049339,0.296236965987031364289094881314668,1.77709737477465101740392583451467,12.5864181704750954793325945502147,20.2566515089232517254913545912132
10,0.0800000000000000016653345369377348,21414.025390625,0.867999999999999993782751062099123,2.12443765927187433462108856474515,18.0393253169253924284021195489913,0.56998071139463035716943295483361,2.32085367540188602930584238492884,156.015675499119055302799097262323,178.909127694778419481735909357667,1.79174595691551119536200076254318,17.8198049405916485454781650332734,1.01162731679188211408870756713441,13.1008220862318616184438724303618,79.0234913291547087510480196215212,121.503178632900329603216960094869,0.466664056681082184407927115898929,2.8056745657920019176856385456631,0.348214585143313160031652842008043,1.96861353184785081715801879909122,12.1931617389202102685885620303452,20.0876203760809133314069185871631
10,0.0899999999999999966693309261245304,21202.4921875,0.861750000000000015987211554602254,2.18666916744361827795728459022939,18.4943041643380823302322824019939,0.623336780743529716986017774615902,2.35327332183435444790120527613908,156.956575450752382039354415610433,183.454836444577864540406153537333,1.81770192699501054178767844859976,18.2653704290245109120860433904454,1.12682337441109670095329420291819,14.2627326228883788417078903876245,70.2146786328024887779974960722029,114.992378206644062288432905916125,0.510286948535535134219287556334166,2.90095322498825591850390992476605,0.393116358747746919011234467689064,2.1083620493428023578985630592797,12.1101753375265772660895891021937,20.0369433491534962854530022013932
10,0.0999999999999999916733273153113259,20849.01953125,0.856249999999999955591079014993738,2.70360312801374735869330834248103,20.9099456931144835891700495267287,0.824108480388191066978720300539862,3.68415626575051113889003318035975,188.773573242943797367843217216432,205.861252199735957901793881319463,2.28964606238664369897151118493639,20.6877514224528233910405106144026,1.16087112421194738054452955111628,14.2334362055529499713202312705107,114.038364941681564346254162956029,150.803932230505466804970637895167,0.569805772329646575968808974721469,3.04019242348199014713827637024224,0.445080222236634959198653405110235,2.27345764205773370747465378371999,12.9176352315378100144016570993699,20.312179641951018993495381437242
10,0.200000000000000011102230246251565,20160.234375,0.772750000000000047961634663806763,6.54364720411250377907208530814387,36.7896456583957842667587101459503,3.44945892436341061682014696998522,18.333897475793349940431653521955,312.868286899272902701341081410646,319.485140340508962708554463461041,5.81096618330825886999946305877529,36.4890191856667982506223779637367,3.5899021436169666898763352946844,27.2299488060968997160671278834343,225.696306112746384542333544231951,244.416265880388607456552563235164,1.14050077312754538638728263322264,4.69356011342789436469047359423712,0.963279980285808079543130588717759,4.0888093328308832141715356556233,18.6853592644594854732531530316919,23.4058291793279309445097169373184
